condition,domain,ss,n,skipped
baseline,race,50.968992248062015,516,0
baseline,overall,50.968992248062015,516,0
inlp,race,46.89922480620155,516,0
inlp,overall,46.89922480620155,516,0
