condition,domain,ss,n,skipped
baseline,gender,51.14503816793893,262,0
baseline,profession,63.95348837209303,172,0
baseline,overall,56.22119815668203,434,0
inlp,gender,58.778625954198475,262,0
inlp,profession,64.53488372093024,172,0
inlp,overall,61.05990783410138,434,0
