condition,domain,ss,n,skipped
baseline,race,52.51937984496124,516,0
baseline,overall,52.51937984496124,516,0
inlp,race,50.3875968992248,516,0
inlp,overall,50.3875968992248,516,0
