condition,domain,ss,n,skipped
baseline,gender,57.63358778625954,262,0
baseline,profession,57.55813953488372,172,0
baseline,overall,57.6036866359447,434,0
sentdebias,gender,53.05343511450382,262,0
sentdebias,profession,58.13953488372093,172,0
sentdebias,overall,55.06912442396313,434,0
