condition,domain,ss,n,skipped
baseline,gender,48.47328244274809,262,0
baseline,profession,61.627906976744185,172,0
baseline,overall,53.68663594470046,434,0
sentdebias,gender,43.89312977099237,262,0
sentdebias,profession,52.325581395348834,172,0
sentdebias,overall,47.235023041474655,434,0
