condition,domain,ss,n,skipped
baseline,race,56.007751937984494,516,0
baseline,overall,56.007751937984494,516,0
sentdebias,race,53.87596899224806,516,0
sentdebias,overall,53.87596899224806,516,0
