condition,domain,ss,n,skipped
baseline,race,50.968992248062015,516,0
baseline,overall,50.968992248062015,516,0
sentdebias,race,45.15503875968992,516,0
sentdebias,overall,45.15503875968992,516,0
