condition,domain,ss,n,skipped
baseline,race,56.007751937984494,516,0
baseline,overall,56.007751937984494,516,0
inlp,race,56.395348837209305,516,0
inlp,overall,56.395348837209305,516,0
