condition,domain,ss,n,skipped
baseline,race,52.51937984496124,516,0
baseline,overall,52.51937984496124,516,0
sentdebias,race,50.968992248062015,516,0
sentdebias,overall,50.968992248062015,516,0
