condition,alpha,mc1_acc,n,correct,skipped
baseline,0.0,17.74785801713586,817,145,0
ensemble_K4,20.0,17.74785801713586,817,145,0
