condition,alpha,mc1_acc,n,correct,skipped
baseline,0.0,32.92533659730722,817,269,0
ensemble_K4,10.0,29.865361077111384,817,244,0
