condition,layer,head,svd,alpha,sigma,raw_gap,stereo_corr,stereo_delta,ppl,ppl_delta,n_rows,n_occ,skipped
baseline,-1,-1,-1,0.0,nan,1.1498697916666667,0.729639481160665,1.0696694243604004,6.710314587941028,0.0,720,60,0
compass,26,14,2,0.25,1.1428548097610474,1.53828125,0.7207287521678978,0.8979247775305894,6.710314587941028,0.0,720,60,0
compass,26,14,2,0.5,1.1428548097610474,2.02265625,0.685577998514835,0.7059406284760847,6.727812138894691,0.017497550953663676,720,60,0
compass,26,14,2,1.0,1.1428548097610474,3.039453125,0.3705862343081981,0.3084416713014462,6.727812138894691,0.017497550953663676,720,60,0
compass,26,14,2,1.5,1.1428548097610474,4.072916666666667,-0.18045353430945046,-0.07908092324805338,6.745355315770265,0.035040727829237284,720,60,0
compass,26,14,2,2.0,1.1428548097610474,5.117838541666667,-0.44331421117414727,-0.49034517519466014,6.762944237540095,0.05262964959906746,720,60,0
actadd,26,-1,-1,1.0,nan,0.9091145833333333,0.7202631878124481,0.9245168242491657,6.710314587941028,0.0,720,60,0
