{
  "batch_number": 2,
  "total_helix_heads": 1,
  "results": {
    "L11H4": {
      "layer": 11,
      "head": 4,
      "helix_result": {
        "best_result": {
          "is_helix": true,
          "radius_cv": 0.1162877008318901,
          "angle_linearity": 0.9597056512342272,
          "estimated_period": 84.9566048473902,
          "radii": [
            1.7270421981811523,
            1.6064658164978027,
            2.232952833175659,
            1.6860281229019165,
            2.3714864253997803,
            2.2002387046813965,
            2.1747584342956543,
            2.5420358180999756,
            2.2662484645843506,
            2.5364737510681152,
            2.3152639865875244,
            1.9664777517318726,
            2.0210535526275635,
            2.457522392272949,
            2.0635430812835693,
            2.183591604232788,
            2.1358695030212402,
            2.230245590209961,
            2.1521875858306885,
            2.4456114768981934,
            2.1367170810699463,
            1.686621069908142,
            1.741654872894287,
            2.2669506072998047,
            2.2418980598449707,
            1.8749855756759644,
            2.2212154865264893,
            2.2338244915008545,
            2.093337297439575,
            2.428746461868286,
            2.1259524822235107,
            2.0757834911346436,
            2.572744369506836,
            2.4162988662719727,
            2.204822063446045,
            2.321542739868164,
            2.5289664268493652,
            2.1643552780151367,
            2.0554873943328857,
            2.5991828441619873
          ],
          "angles": [
            -0.33549928665161133,
            -0.1756010353565216,
            -0.19240060448646545,
            -0.1620194911956787,
            -0.1195511519908905,
            -0.25829681754112244,
            -0.16077816486358643,
            -0.20752428472042084,
            -0.17372247576713562,
            -0.11243974417448044,
            -0.17156612873077393,
            -0.0976085439324379,
            -0.08896298706531525,
            -0.07521364092826843,
            -0.11200949549674988,
            -0.13415516912937164,
            -0.04339354857802391,
            -0.014344340190291405,
            -0.027452150359749794,
            0.0223447997123003,
            -0.055357158184051514,
            -0.0117622846737504,
            -0.012557805515825748,
            0.018251122906804085,
            0.04671252891421318,
            -0.008082818239927292,
            0.049201007932424545,
            0.058943137526512146,
            0.1160523071885109,
            0.18055546283721924,
            0.08018971979618073,
            0.17743825912475586,
            0.20021389424800873,
            0.19044341146945953,
            0.16597141325473785,
            0.16682429611682892,
            0.24349595606327057,
            0.1749735325574875,
            0.17535941302776337,
            0.22656384110450745
          ],
          "coords": [
            [
              1.6307528018951416,
              -0.5686125159263611
            ],
            [
              1.581761121749878,
              -0.2806495130062103
            ],
            [
              2.1917505264282227,
              -0.4269757568836212
            ],
            [
              1.6639471054077148,
              -0.2719758450984955
            ],
            [
              2.3545594215393066,
              -0.2828390598297119
            ],
            [
              2.127249002456665,
              -0.5620163083076477
            ],
            [
              2.1467106342315674,
              -0.34814921021461487
            ],
            [
              2.4874937534332275,
              -0.5237557888031006
            ],
            [
              2.2321372032165527,
              -0.3917210102081299
            ],
            [
              2.5204567909240723,
              -0.2845999002456665
            ],
            [
              2.2812726497650146,
              -0.3952750265598297
            ],
            [
              1.9571174383163452,
              -0.19164039194583893
            ],
            [
              2.013061046600342,
              -0.17956186830997467
            ],
            [
              2.4505743980407715,
              -0.18466497957706451
            ],
            [
              2.050611734390259,
              -0.23065339028835297
            ],
            [
              2.163971424102783,
              -0.2920621931552887
            ],
            [
              2.1338589191436768,
              -0.09265387803316116
            ],
            [
              2.2300162315368652,
              -0.031990304589271545
            ],
            [
              2.151376724243164,
              -0.059074755758047104
            ],
            [
              2.4450008869171143,
              0.054642148315906525
            ],
            [
              2.133443832397461,
              -0.11822216957807541
            ],
            [
              1.6865043640136719,
              -0.019838059321045876
            ],
            [
              1.7415175437927246,
              -0.02187078818678856
            ],
            [
              2.266572952270508,
              0.04137209430336952
            ],
            [
              2.239452600479126,
              0.10468664765357971
            ],
            [
              1.8749244213104248,
              -0.015155003406107426
            ],
            [
              2.2185275554656982,
              0.10924195498228073
            ],
            [
              2.229945182800293,
              0.13159239292144775
            ],
            [
              2.079256534576416,
              0.2423916757106781
            ],
            [
              2.3892650604248047,
              0.4361446797847748
            ],
            [
              2.1191208362579346,
              0.17029687762260437
            ],
            [
              2.043191909790039,
              0.36639371514320374
            ],
            [
              2.5213513374328613,
              0.5116646885871887
            ],
            [
              2.3726131916046143,
              0.4573915898799896
            ],
            [
              2.1745240688323975,
              0.3642596900463104
            ],
            [
              2.2893128395080566,
              0.3854958117008209
            ],
            [
              2.454364538192749,
              0.6097260117530823
            ],
            [
              2.131308078765869,
              0.37677544355392456
            ],
            [
              2.0239641666412354,
              0.3586045205593109
            ],
            [
              2.5327582359313965,
              0.5838558077812195
            ]
          ],
          "svd_directions": [
            0,
            1
          ],
          "singular_values": [
            13.739317893981934,
            2.074324369430542,
            1.5870686769485474,
            1.3308287858963013,
            1.2260510921478271,
            1.1453243494033813,
            1.0170531272888184,
            0.9607130289077759,
            0.9017709493637085,
            0.8302276134490967
          ]
        }
      },
      "activation_shape": [
        40,
        128
      ],
      "number_count": 40
    }
  }
}