{
  "batch_number": 2,
  "total_helix_heads": 1,
  "results": {
    "L8H5": {
      "layer": 8,
      "head": 5,
      "helix_result": {
        "best_result": {
          "is_helix": true,
          "radius_cv": 0.06246116757392883,
          "angle_linearity": 0.9896926039902768,
          "estimated_period": 143.58362207314994,
          "radii": [
            3.0149967670440674,
            3.19968318939209,
            3.4523673057556152,
            3.2762019634246826,
            3.48363995552063,
            3.6092302799224854,
            3.6874399185180664,
            3.805325746536255,
            3.98218035697937,
            3.798788070678711,
            3.641211748123169,
            3.8138182163238525,
            3.906257152557373,
            3.788351058959961,
            4.159590244293213,
            3.8450565338134766,
            3.959993362426758,
            3.954671621322632,
            3.9519591331481934,
            3.9370107650756836,
            3.858687162399292,
            4.066701889038086,
            3.9141201972961426,
            3.9382810592651367,
            3.9720160961151123,
            3.9112257957458496,
            4.122284412384033,
            3.9579267501831055,
            3.824028253555298,
            3.8278579711914062,
            3.9282279014587402,
            3.862025737762451,
            4.036489486694336,
            3.8916609287261963,
            3.851083278656006,
            3.7091989517211914,
            3.8928439617156982,
            3.8638031482696533,
            3.8621890544891357,
            3.7414755821228027
          ],
          "angles": [
            -0.45774292945861816,
            -0.4400976002216339,
            -0.47022533416748047,
            -0.4947134256362915,
            -0.4460790753364563,
            -0.4690108001232147,
            -0.4252510368824005,
            -0.426678329706192,
            -0.43630629777908325,
            -0.32260963320732117,
            -0.30252131819725037,
            -0.2472180724143982,
            -0.22206062078475952,
            -0.15260842442512512,
            -0.14852476119995117,
            -0.13659724593162537,
            -0.07704216241836548,
            -0.07246322184801102,
            -0.04135972633957863,
            -0.020385239273309708,
            -0.024262534454464912,
            0.05722756311297417,
            0.07783722132444382,
            0.10751248151063919,
            0.1327456533908844,
            0.1567583829164505,
            0.18516279757022858,
            0.20169363915920258,
            0.2287973314523697,
            0.2803192138671875,
            0.21849168837070465,
            0.31049442291259766,
            0.307009756565094,
            0.34472790360450745,
            0.3374406099319458,
            0.34765321016311646,
            0.3900509178638458,
            0.4151619076728821,
            0.36549127101898193,
            0.4161672592163086
          ],
          "coords": [
            [
              2.7046096324920654,
              -1.3324010372161865
            ],
            [
              2.8947856426239014,
              -1.3631539344787598
            ],
            [
              3.0776689052581787,
              -1.5642234086990356
            ],
            [
              2.8834011554718018,
              -1.5554733276367188
            ],
            [
              3.1427505016326904,
              -1.5029524564743042
            ],
            [
              3.2194905281066895,
              -1.6313869953155518
            ],
            [
              3.3590188026428223,
              -1.5212514400482178
            ],
            [
              3.464160919189453,
              -1.5748311281204224
            ],
            [
              3.6091246604919434,
              -1.682848334312439
            ],
            [
              3.602813482284546,
              -1.2043778896331787
            ],
            [
              3.475858211517334,
              -1.0848188400268555
            ],
            [
              3.697866439819336,
              -0.9332701563835144
            ],
            [
              3.8103415966033936,
              -0.8603144884109497
            ],
            [
              3.7443225383758545,
              -0.5758928060531616
            ],
            [
              4.113795280456543,
              -0.6155332326889038
            ],
            [
              3.8092401027679443,
              -0.5235922932624817
            ],
            [
              3.948246955871582,
              -0.30478474497795105
            ],
            [
              3.944293260574341,
              -0.28631752729415894
            ],
            [
              3.9485795497894287,
              -0.16340535879135132
            ],
            [
              3.936192750930786,
              -0.08025134354829788
            ],
            [
              3.8575515747070312,
              -0.09361235052347183
            ],
            [
              4.060044288635254,
              0.23260042071342468
            ],
            [
              3.902269124984741,
              0.3043566942214966
            ],
            [
              3.915541887283325,
              0.4225991368293762
            ],
            [
              3.9370713233947754,
              0.5257206559181213
            ],
            [
              3.8632683753967285,
              0.6106094121932983
            ],
            [
              4.051819324493408,
              0.7589395642280579
            ],
            [
              3.877694606781006,
              0.7928872108459473
            ],
            [
              3.7243735790252686,
              0.8673139214515686
            ],
            [
              3.678445816040039,
              1.059024453163147
            ],
            [
              3.83483624458313,
              0.8514724969863892
            ],
            [
              3.677353858947754,
              1.1799626350402832
            ],
            [
              3.8477494716644287,
              1.2198657989501953
            ],
            [
              3.6627044677734375,
              1.315150260925293
            ],
            [
              3.633901834487915,
              1.274990200996399
            ],
            [
              3.487295627593994,
              1.2636958360671997
            ],
            [
              3.6004512310028076,
              1.480197548866272
            ],
            [
              3.5355770587921143,
              1.558419108390808
            ],
            [
              3.6070847511291504,
              1.3803778886795044
            ],
            [
              3.4221222400665283,
              1.5125209093093872
            ]
          ],
          "svd_directions": [
            0,
            1
          ],
          "singular_values": [
            23.11228370666504,
            6.921677589416504,
            4.825331211090088,
            3.0830237865448,
            2.647498607635498,
            2.5536699295043945,
            2.3908376693725586,
            2.096653699874878,
            1.9620670080184937,
            1.7722173929214478
          ]
        }
      },
      "activation_shape": [
        40,
        128
      ],
      "number_count": 40
    }
  }
}