{
  "model_name": "EleutherAI/gpt-neo-2.7B",
  "total_heads_analyzed": 640,
  "helix_structures_found": 1,
  "detection_rate": 0.0015625,
  "analysis_parameters": {
    "cv_threshold": 0.25,
    "linearity_threshold": 0.8,
    "device": "mps",
    "batch_size": 4
  },
  "results": {
    "L13H18": {
      "layer": 13,
      "head": 18,
      "helix_result": {
        "best_result": {
          "is_helix": true,
          "radius_cv": 0.08890321850776672,
          "angle_linearity": -0.9622116800721893,
          "estimated_period": -194.8711087775782,
          "radii": [
            2.8095059394836426,
            3.5145375728607178,
            4.344399452209473,
            4.359947204589844,
            4.189122676849365,
            3.936946392059326,
            4.414638042449951,
            4.470147609710693,
            3.748181104660034,
            3.1151959896087646,
            3.407879590988159,
            3.7719008922576904,
            3.4702200889587402,
            3.8595693111419678,
            3.969089984893799,
            3.8615245819091797,
            3.6328954696655273,
            3.577793598175049,
            4.222121238708496,
            3.52178692817688,
            3.905144691467285,
            3.6354939937591553,
            4.073133945465088,
            4.05964469909668,
            3.7167162895202637,
            3.8525702953338623,
            4.235062122344971,
            4.136019229888916,
            4.1382293701171875,
            3.7521209716796875,
            4.177263259887695,
            4.122889041900635,
            4.105250835418701,
            3.72416090965271,
            3.7515902519226074,
            3.822251081466675,
            4.011645793914795,
            4.032552242279053,
            4.156219959259033,
            3.9302542209625244
          ],
          "angles": [
            -2.724029064178467,
            -2.7098095417022705,
            -2.663637399673462,
            -2.6967692375183105,
            -2.737438440322876,
            -2.762596368789673,
            -2.7591660022735596,
            -2.786709785461426,
            -2.8380491733551025,
            -2.8987033367156982,
            -2.927234649658203,
            -2.9578664302825928,
            -3.002615213394165,
            -3.022132396697998,
            -3.067744493484497,
            -3.089211940765381,
            -3.1286838054656982,
            3.110018730163574,
            3.0777759552001953,
            3.0614473819732666,
            3.060312032699585,
            3.0184683799743652,
            3.0197198390960693,
            3.011820077896118,
            3.009002923965454,
            2.966710090637207,
            2.9567928314208984,
            2.9523983001708984,
            2.890122890472412,
            2.906665325164795,
            2.937566041946411,
            2.9379982948303223,
            2.9301517009735107,
            2.9233992099761963,
            2.910090446472168,
            2.903223991394043,
            2.8749794960021973,
            2.8589706420898438,
            2.8463010787963867,
            2.8779828548431396
          ],
          "coords": [
            [
              -2.568112373352051,
              -1.1393518447875977
            ],
            [
              -3.19197678565979,
              -1.4708021879196167
            ],
            [
              -3.8575544357299805,
              -1.9982696771621704
            ],
            [
              -3.9356658458709717,
              -1.8760794401168823
            ],
            [
              -3.8516273498535156,
              -1.6473361253738403
            ],
            [
              -3.657566547393799,
              -1.4566240310668945
            ],
            [
              -4.095732688903809,
              -1.647423505783081
            ],
            [
              -4.1915998458862305,
              -1.5532900094985962
            ],
            [
              -3.576826572418213,
              -1.1203452348709106
            ],
            [
              -3.0237560272216797,
              -0.7492300868034363
            ],
            [
              -3.3298838138580322,
              -0.7249253988265991
            ],
            [
              -3.708418846130371,
              -0.6891051530838013
            ],
            [
              -3.436760902404785,
              -0.480731338262558
            ],
            [
              -3.8320624828338623,
              -0.45996952056884766
            ],
            [
              -3.9582719802856445,
              -0.2928442656993866
            ],
            [
              -3.8562283515930176,
              -0.20217755436897278
            ],
            [
              -3.6325929164886475,
              -0.046895161271095276
            ],
            [
              -3.576010227203369,
              0.11294624954462051
            ],
            [
              -4.213526725769043,
              0.26925963163375854
            ],
            [
              -3.5104823112487793,
              0.2819530665874481
            ],
            [
              -3.892251968383789,
              0.31706374883651733
            ],
            [
              -3.6079723834991455,
              0.4464879035949707
            ],
            [
              -4.042922496795654,
              0.49517685174942017
            ],
            [
              -4.025508880615234,
              0.5253531336784363
            ],
            [
              -3.684093952178955,
              0.4913561940193176
            ],
            [
              -3.793806791305542,
              0.6703187227249146
            ],
            [
              -4.162951946258545,
              0.7781925201416016
            ],
            [
              -4.062216281890869,
              0.7778519988059998
            ],
            [
              -4.008072376251221,
              1.0297071933746338
            ],
            [
              -3.649054765701294,
              0.873390257358551
            ],
            [
              -4.090620994567871,
              0.8463727831840515
            ],
            [
              -4.037735462188721,
              0.8336108922958374
            ],
            [
              -4.013824939727783,
              0.8615648150444031
            ],
            [
              -3.635861396789551,
              0.8061552047729492
            ],
            [
              -3.651508331298828,
              0.8607645034790039
            ],
            [
              -3.714174747467041,
              0.9025012850761414
            ],
            [
              -3.8699090480804443,
              1.056931972503662
            ],
            [
              -3.8725709915161133,
              1.1245768070220947
            ],
            [
              -3.976327657699585,
              1.2095391750335693
            ],
            [
              -3.7944860458374023,
              1.024096131324768
            ]
          ],
          "svd_directions": [
            0,
            1
          ],
          "singular_values": [
            23.898876190185547,
            6.18768310546875,
            3.9446003437042236,
            2.4602904319763184,
            2.2591729164123535,
            2.143808603286743,
            1.8668543100357056,
            1.7555793523788452,
            1.5002057552337646,
            1.447141170501709
          ]
        }
      }
    }
  }
}